{"train_loss": [2.0018400855263314, 1.6031605867837908, 1.5716593448815928, 1.562457740559111, 1.559192504386948, 1.5572586400621315, 1.556351361756169, 1.555303296882844, 1.554315310500409, 1.5535623598019475], "validation_loss": [1.6004272874926713, 1.5675853803627724, 1.5573434617528028, 1.5527691957884284, 1.5487506436609733, 1.547305173971921, 1.5470194532908725, 1.54895206088743, 1.5490066964796405, 1.5407648459599412], "train_nrmse": [0.15571390909864652, 0.14079734507808517, 0.13940891824987015, 0.13899999114323267, 0.13884111265443544, 0.13877671396195385, 0.13874447253119412, 0.13867905546056317, 0.13867296926055594, 0.13863541587124137], "train_mae": [1.0604253762686555, 0.9376144071444058, 0.9265765736007922, 0.9238445822748624, 0.9228459978045979, 0.922346270700608, 0.9219448973470905, 0.9217100743659318, 0.9214951044126463, 0.921337513677875], "train_r2": [0.19728833933551193, 0.3574885464889395, 0.37008256743940215, 0.3737637895086224, 0.37511348804366634, 0.3758721131331399, 0.3762276765621271, 0.37665216718432115, 0.3770427196353061, 0.37734457846131836], "validation_nrmse": [0.1406301099559272, 0.13917998286660088, 0.13872270960329233, 0.13851924724381376, 0.13834043194369797, 0.13827492466968955, 0.1382637678243517, 0.1383460233801077, 0.13834716669377278, 0.13798097707736592], "validation_mae": [0.9358677400787335, 0.9256368633337148, 0.9217288264196182, 0.9210381287761582, 0.919545862637235, 0.9172558379000303, 0.9207687605537267, 0.9161544755407516, 0.9157610231904626, 0.9155148473299112], "validation_r2": [0.35850619759496205, 0.37167118898758433, 0.3758220817474817, 0.37764489205313134, 0.3792308145163281, 0.37981220689909634, 0.3799107439716897, 0.37915516964902035, 0.3791038855964356, 0.3823960583616485], "learning_rate": [0.001, 0.001, 0.001, 0.001, 0.001, 0.001, 0.001, 0.001, 0.001, 0.001]}